<?xml version="1.0" encoding="UTF-8"?>
<!DOCTYPE build-type SYSTEM "../../../project-config.dtd">

<build-type>
  <name>App</name>
  <description />
  <settings>
    <parameters />
    <build-runners>
      <runner id="RUNNER_4" name="Build" type="simpleRunner">
        <parameters>
          <param name="command.executable" value="build.sh" />
          <param name="command.parameters" value="android-build" />
          <param name="teamcity.step.mode" value="default" />
        </parameters>
      </runner>
    </build-runners>
    <vcs-settings>
      <vcs-entry-ref root-id="TipCalc_Tipcalc" />
    </vcs-settings>
    <requirements />
    <build-triggers>
      <build-trigger id="TRIGGER_3" type="buildDependencyTrigger">
        <parameters>
          <param name="afterSuccessfulBuildOnly" value="true" />
          <param name="dependsOn" value="TipCalc_Core" />
        </parameters>
      </build-trigger>
    </build-triggers>
    <cleanup />
  </settings>
</build-type>

