<?xml version="1.0" encoding="UTF-8"?>
<!DOCTYPE vcs-root SYSTEM "../../../project-config.dtd">

<vcs-root type="jetbrains.git">
  <name>tipcalc</name>
  <param name="agentCleanFilesPolicy" value="ALL_UNTRACKED" />
  <param name="agentCleanPolicy" value="ON_BRANCH_CHANGE" />
  <param name="authMethod" value="PASSWORD" />
  <param name="branch" value="refs/heads/master" />
  <param name="ignoreKnownHosts" value="true" />
  <param name="secure:password" value="" />
  <param name="submoduleCheckout" value="CHECKOUT" />
  <param name="url" value="localhost:/Users/greg/gitserver/ci-sample.git" />
  <param name="username" value="greg" />
  <param name="usernameStyle" value="USERID" />
</vcs-root>

